weqwe,eqweqwe,ewqeqweq,ewqeqweq
,,,
wqeqwe,eqwewq,eqwewq,ewqeqwe
,,,
weqwe,eqweqwe,ewqeqweq,ewqeqweq
,,,
wqeqwe,eqwewq,eqwewq,ewqeqwe
,,,
weqwe,eqweqwe,ewqeqweq,ewqeqweq
,,,
wqeqwe,eqwewq,eqwewq,ewqeqwe
,,,
weqwe,eqweqwe,ewqeqweq,ewqeqweq
,,,
wqeqwe,eqwewq,eqwewq,ewqeqwe
,,,
weqwe,eqweqwe,ewqeqweq,ewqeqweq
,,,
wqeqwe,eqwewq,eqwewq,ewqeqwe
,,,
weqwe,eqweqwe,ewqeqweq,ewqeqweq
,,,
wqeqwe,eqwewq,eqwewq,ewqeqwe
,,,
weqwe,eqweqwe,ewqeqweq,ewqeqweq
,,,
wqeqwe,eqwewq,eqwewq,ewqeqwe
,,,
weqwe,eqweqwe,ewqeqweq,ewqeqweq
,,,
wqeqwe,eqwewq,eqwewq,ewqeqwe
,,,
weqwe,eqweqwe,ewqeqweq,ewqeqweq
,,,
wqeqwe,eqwewq,eqwewq,ewqeqwe
,,,
weqwe,eqweqwe,ewqeqweq,ewqeqweq
,,,
wqeqwe,eqwewq,eqwewq,ewqeqwe
,,,
weqwe,eqweqwe,ewqeqweq,ewqeqweq
,,,
wqeqwe,eqwewq,eqwewq,ewqeqwe
,,,
weqwe,eqweqwe,ewqeqweq,ewqeqweq
,,,
wqeqwe,eqwewq,eqwewq,ewqeqwe
,,,
weqwe,eqweqwe,ewqeqweq,ewqeqweq
,,,
wqeqwe,eqwewq,eqwewq,ewqeqwe
