1,2,3,4,5,6,7,8
asdasd,dasda,sd,dsaasd,asdasd,asd,sdaasd,asdasd
dsadsa,asdasd,dassad,a,sadasd,asd,sdsad,dsaasdas
dsaasd,dsadsas,asdsad,sadsad,sdaasd,sdadsa,dasdsad,asdasd
dsaasd,dsadsas,asdsad,sadsad,sdaasd,sdadsa,dasdsad,asdasd
dsaasd,dsadsas,asdsad,sadsad,sdaasd,sdadsa,dasdsad,asdasd
dsaasd,dsadsas,asdsad,sadsad,sdaasd,sdadsa,dasdsad,asdasd
dsaasd,dsadsas,asdsad,sadsad,sdaasd,sdadsa,dasdsad,asdasd
dsaasd,dsadsas,asdsad,sadsad,sdaasd,sdadsa,dasdsad,asdasd
dsaasd,dsadsas,asdsad,sadsad,sdaasd,sdadsa,dasdsad,asdasd
dsaasd,dsadsas,asdsad,sadsad,sdaasd,sdadsa,dasdsad,asdasd
dsaasd,dsadsas,asdsad,sadsad,sdaasd,sdadsa,dasdsad,asdasd
dsaasd,dsadsas,asdsad,sadsad,sdaasd,sdadsa,dasdsad,asdasd
dsaasd,dsadsas,asdsad,sadsad,sdaasd,sdadsa,dasdsad,asdasd
dsaasd,dsadsas,asdsad,sadsad,sdaasd,sdadsa,dasdsad,asdasd
dsaasd,dsadsas,asdsad,sadsad,sdaasd,sdadsa,dasdsad,asdasd
